store_id,store_name,owner_name,address,contact_number,description,created_at,public,user_id,latitude,longitude,area,category_id
194,Bhc조치원죽림점,,세종특별자치시 조치원읍 죽림로 40,044-862-7577,,,1,,3659175175,1272957431,조치원읍,2.0
505,가장맛있는족발 (보람점),,세종특별자치시 한누리대로 2149 1층 119호 120호 121호,044-865-5849,,,1,,3647780911,1272878347,보람동,11.0
627,갱스화덕피자,,세종특별자치시 조치원읍 장안로 9,044-866-3898,,,1,,3660092318,1273013938,조치원읍,6.0
892,곱도리탕전문점,,세종특별자치시 조치원읍 신흥샛터길 31 1층 중간호,044-862-7679,,,1,,3659710296,1272938839,조치원읍,3.0
991,교촌치킨 보람점,,세종특별자치시 호려울로 51 101102호,044-866-9979,,,1,,3647795332,1272893511,보람동,2.0
1129,규도니족발보쌈,,세종특별자치시 대평로 87 태양빌딩 110호,044-863-5849,,,1,,3647444778,1272758695,대평동,11.0
1138,그대랑닭갈비,,세종특별자치시 조치원읍 조치원3길 28 1층,044-864-0370,,,1,,3660260092,1272985732,조치원읍,3.0
1291,기영이숯불두마리치킨 세종조치원점,,세종특별자치시 조치원읍 문화로 14-1 1층 2호,044-868-7292,,,1,,3660352459,1273008674,조치원읍,2.0
1359,김밥천국홍대점,,세종특별자치시 조치원읍 섭골길 98 덕인원룸 1층 김밥천국홍대점,044-866-1771,,,1,,3661866629,1272858843,조치원읍,5.0
1797,노랑통닭 세종보람점,,세종특별자치시 시청대로 213 2층 210호,044-862-9975,,,1,,3648362889,1272935514,보람동,2.0
1801,노랑통닭조치원점,,세종특별자치시 조치원읍 행복3길 16 1층노랑통닭,044-868-9234,,,1,,3660399272,1272916081,조치원읍,2.0
1980,다성왕족발보쌈,,세종특별자치시 조치원읍 돌마루4길 12 1층,044-862-8308,,,1,,3660626026,1272925376,조치원읍,11.0
2021,다이닝더인드라,,세종특별자치시 시청대로 219 3층307호,070-7717-6770,,,1,,364839368,1272938053,보람동,6.0
2375,대학로오징어보쌈,,세종특별자치시 한누리대로 312 노블비즈니스타운205호,044-865-5055,,,1,,3649211202,1272568203,나성동,11.0
2707,도미노피자 세종보람점,,세종특별자치시 시청대로 209 1층 107108호,044-866-3093,,,1,,3648327565,1272932533,보람동,6.0
2708,도미노피자 조치원점,,세종특별자치시 조치원읍 문화길 39 도미노피자 조치원점,044-867-3082,,,1,,3660292469,1272893153,조치원읍,6.0
2866,두마리찜닭 두찜 세종조치원점,,세종특별자치시 조치원읍 행복2길 8 1층,044-863-8682,,,1,,3660354552,1272906621,조치원읍,9.0
3031,땅스부대찌개보람점,,세종특별자치시 보람동로 14 805동앞 상가 1층 311호,044-862-8799,,,1,,3647898113,127295513,보람동,3.0
3065,또래오래 세종조치원점,,세종특별자치시 조치원읍 행복길 10-1 1층 또래오래,044-864-9232,,,1,,3660332354,127291223,조치원읍,2.0
3152,라벨메종,,세종특별자치시 조치원읍 문화길 21 1층 라벨메종,044-865-1195,,,1,,3660138504,127289553,조치원읍,8.0
3373,롯데리아조치원점,,세종특별자치시 조치원읍 조치원로 27-1 1층롯데리아,044-865-0707,,,1,,366019044,1273012061,조치원읍,7.0
3754,맘스터치 홍대세종캠점,,세종특별자치시 조치원읍 섭골골목길 19-5 1충 맘스터치,044-867-9288,,,1,,3661654091,1272861275,조치원읍,7.0
3909,메종쇼당 세종점,,세종특별자치시 집현중앙7로 6 G141호~143호 C101호~C104호,044-589-3707,,,1,,3649861223,1273304414,집현동,6.0
3920,멕시카나세종보람점,,세종특별자치시 시청대로 209 102호,044-863-9291,,,1,,3648327565,1272932533,보람동,2.0
3921,멕시카나치킨 조치원점,,세종특별자치시 조치원읍 행복5길 25 멕시카나치킨,044-868-2575,,,1,,3660502567,1272925488,조치원읍,2.0
4136,무모한초밥 세종보람점,,세종특별자치시 남세종로 503 119동113호,044-417-7880,,,1,,3647500522,1272861418,보람동,8.0
4703,배스킨라빈스 세종소담,,세종특별자치시 시청대로 236 B상가 118호 1층 배스킨라빈스,044-868-3031,,,1,,3648506756,1272960495,소담동,1.0
4705,배스킨라빈스 세종조치원점,,세종특별자치시 조치원읍 으뜸길 222 1층,044-866-3121,,,1,,3660154618,1272969843,조치원읍,1.0
4957,보배반점 세종보람점,,세종특별자치시 호려울로 45 203호,044-864-4844,,,1,,3647822765,1272900182,보람동,4.0
5345,비비큐조치원점,,세종특별자치시 조치원읍 섭골길 20 1층 비비큐,044-867-9498,,,1,,3661397535,1272911481,조치원읍,2.0
5424,빠쇼앱샙,,세종특별자치시 조치원읍 새내21길 2 좌측호,044-863-1340,,,1,,3660758302,1272967732,조치원읍,16.0
5534,사카모,,세종특별자치시 조치원읍 섭골길 78 2층,,,,1,,3661714882,127286815,조치원읍,3.0
5610,삼성반점,,세종특별자치시 조치원읍 세종로 2394 삼성반점,044-866-2228,,,1,,366009572,1272903505,조치원읍,4.0
5658,삼억감자탕,,세종특별자치시 조치원읍 토골고개길 10 1층,044-866-1772,,,1,,3662315208,1272900468,조치원읍,3.0
5683,삼첩분식 조치원점,,세종특별자치시 조치원읍 섭골길 30-4 105호 좌측,044-862-2687,,,1,,366160896,1272875179,조치원읍,5.0
7244,수피자,,세종특별자치시 조치원읍 충현로 153 웰빙빌라1층 수피자,044-868-3636,,,1,,3660217203,1272946091,조치원읍,6.0
7342,쉬즈베이글,,세종특별자치시 소담1로 12 ,044-868-8040,,,1,,3648501826,1273014739,소담동,1.0
7586,시스터꼬마김밥,,세종특별자치시 조치원읍 섭골길 90 시스터꼬마김밥,044-867-8959,,,1,,3661798295,1272861477,조치원읍,5.0
7645,신라몽 마라탕 반곡점,,세종특별자치시 국책연구원2로 18 203호,044-417-6612,,,1,,3649070579,1273016127,반곡동,4.0
7689,신전떡볶이,,세종특별자치시 조치원읍 행복3길 18 1층 신전떡볶이,044-863-8644,,,1,,3660401254,1272919097,조치원읍,5.0
7710,신화불날개,,세종특별자치시 조치원읍 행복3길 14 101호 신화불날개,044-866-3303,,,1,,3660398272,1272914406,조치원읍,3.0
7796,써브웨이 세종시청점,,세종특별자치시 한누리대로 2144 101호 102호 103호,044-868-0245,,,1,,3647878318,1272879597,보람동,13.0
8101,아성,,세종특별자치시 조치원읍 장안2길 63 남리 11-45,044-868-9800,,,1,,3659844499,1273029585,조치원읍,4.0
8445,양짬뽕,,세종특별자치시 금남면 신촌2길 1-3 1층,044-867-2029,,,1,,3647004344,127289836,금남면,4.0
8732,엔제리너스,,세종특별자치시 조치원읍 행복11길 3,044-862-4250,,,1,,3660373616,1272924152,조치원읍,1.0
9380,완미족발 세종조치원점,,세종특별자치시 조치원읍 행복길 7 완미족발,044-867-0009,,,1,,3660338238,1272905071,조치원읍,11.0
9863,육앤샤,,세종특별자치시 조치원읍 섭골길 52 육앤샤,044-867-6444,,,1,,3661512008,1272881528,조치원읍,3.0
10024,이동국상황족발 새롬점,,세종특별자치시 새롬북로 14 ,044-864-8282,,,1,,364860326,1272459186,새롬동,11.0
10187,이삭,,세종특별자치시 조치원읍 조치원로 8,044-867-5974,,,1,,3660106376,127297704,조치원읍,13.0
10324,이화수 전통육개장 세종조치원점,,세종특별자치시 조치원읍 세종로 2282 123호 이화수 전통육개장,044-866-8661,,,1,,3659106342,1272921172,조치원읍,3.0
10363,인생아구찜 세종점,,세종특별자치시 한누리대로 311 ,044-865-3910,,,1,,3649198023,1272559175,나성동,3.0
10449,잇와플,,세종특별자치시 한누리대로 2135 1층 119호,044-000-0000,,,1,,364783674,1272892692,보람동,1.0
10471,자금성,,세종특별자치시 조치원읍 행복5길 34 1층,044-868-2333,,,1,,3660493164,1272934103,조치원읍,4.0
10480,자담치킨 세종 소담점,,세종특별자치시 국책연구원1로 15 ,044-863-1177,,,1,,3649101031,127299746,소담동,2.0
10516,자향공방,,세종특별자치시 보듬3로 8-20 한신휴시티 2층233-1,044-865-5573,,,1,,3651430212,127258607,도담동,4.0
10644,점프,,세종특별자치시 나성로 125-10 104호 점프,044-715-7979,,,1,,3649018366,1272583119,나성동,1.0
10694,정성카츠,,세종특별자치시 조치원읍 세종로 2282 1층 정성카츠,044-863-7620,,,1,,3659106342,1272921172,조치원읍,8.0
10911,조스테이크 소담점,,세종특별자치시 소담1로 16,044-862-4747,,,1,,3648456545,1273010985,대평동,6.0
10988,족발야시장 세종아름점,,세종특별자치시 보듬3로 104-19 1층,044-867-4969,,,1,,3651224686,1272498626,아름동,11.0
11443,진미방 마라탕,,세종특별자치시 조치원읍 이화로 26 108호,044-866-5168,,,1,,3659265065,1272877553,조치원읍,9.0
11522,짬뽕관 세종시청점,,세종특별자치시 한누리대로 2144 120~122호,044-865-6788,,,1,,3647878318,1272879597,보람동,4.0
11543,찌개공방 세종점,,세종특별자치시 한누리대로 273 2층 205-18,,,,1,,3648852308,1272564862,나성동,3.0
11680,처갓집 양념치킨 보람시청점,,세종특별자치시 호려울로 19 101호 처갓집양념치킨,044-862-9289,,,1,,364773649,1272889101,보람동,2.0
11885,최고당돈가스,,세종특별자치시 한누리대로 193 최고당돈가스,044-862-1230,,,1,,3648207719,1272604983,나성동,8.0
11910,춘리마라탕,,세종특별자치시 새롬중앙로 67 202호 춘리마라탕,044-865-9223,,,1,,3648688884,1272502295,새롬동,4.0
12101,카페이륜당 조치원점,,세종특별자치시 조치원읍 새내14길 19 1층,044-868-2248,,,1,,3660337742,1272988232,조치원읍,1.0
12240,컴포즈커피 조치원신흥점,,세종특별자치시 조치원읍 이화로 26 ,070-4006-0695,,,1,,3659265065,1272877553,조치원읍,1.0
12790,투썸플레이스 세종조치원점,,세종특별자치시 조치원읍 행복5길 23,044-868-2388,,,1,,3660500566,1272922137,조치원읍,1.0
12940,파파존스 세종2호점,,세종특별자치시 한누리대로 2257 103호(대평동 판타지타워),044-865-1320,,,1,,3647261313,1272779956,대평동,6.0
13015,페리카나치킨 조치원2호점,,세종특별자치시 조치원읍 새내로 65-1 1층,044-866-3030,,,1,,3660343269,1272974926,조치원읍,2.0
13107,푸라닭 세종조치원점,,세종특별자치시 조치원읍 행복12길 9 1층 푸라닭 세종조치원점,044-862-9207,,,1,,3660373409,1272935889,조치원읍,2.0
13155,프랭크버거 세종조치원점,,세종특별자치시 조치원읍 행복길 9 1층 우측호,044-866-5630,,,1,,3660341094,1272907639,조치원읍,7.0
13298,피자나라치킨공주,,세종특별자치시 조치원읍 충현로 72 101-114,044-865-5520,,,1,,3659525661,1272971307,조치원읍,6.0
13299,피자나라치킨공주,,세종특별자치시 남세종로 357 상가2동1층202호,044-868-1650,,,1,,3648031626,1272988042,소담동,6.0
13300,피자나라치킨공주,,세종특별자치시 조치원읍 새내12길 77 1층 피자나라치킨공주,044-865-9884,,,1,,3660308068,1273020115,조치원읍,6.0
13301,피자나라치킨공주 나성점,,세종특별자치시 정부2청사로 10 104호,044-868-2604,,,1,,3648281548,1272618417,나성동,6.0
13302,피자나라치킨공주 도담점,,세종특별자치시 다솜1로 164 상가101호 피자나라치킨공주,044-868-6358,,,1,,3651288874,1272559522,도담동,6.0
13303,피자는치즈빨 시청점,,세종특별자치시 소담3로 8 상가65호,044-998-0664,,,1,,3648594093,127300517,소담동,6.0
13304,피자는치즈빨다정점,,세종특별자치시 새롬중앙로 34,044-715-5757,,,1,,364845959,1272524947,새롬동,6.0
13305,피자는치즈빨세종시청점,,세종특별자치시 소담3로 8 3동1층65호,044-998-0664,,,1,,3648594093,127300517,소담동,6.0
13306,피자덕&빙품달,,세종특별자치시 다정중앙로 19 상가동 103호,044-865-6656,,,1,,3649232271,127248715,다정동,6.0
13307,피자런세종점,,세종특별자치시 한누리대로 312 107호,044-865-8294,,,1,,3649211202,1272568203,나성동,6.0
13308,피자마루 보람점,,세종특별자치시 남세종로 358 상가 107호,044-866-1087,,,1,,3648149825,1273005792,소담동,6.0
13309,피자마루 아름점,,세종특별자치시 보듬3로 74 상가2동 106호,044-864-1082,,,1,,3651190212,1272509377,아름동,6.0
13310,피자마루가재마을점,,세종특별자치시 달빛로 80 후문상가2동205호 피자마루,044-865-8210,,,1,,3650481395,1272530822,종촌동,6.0
13311,피자마루도램마을점,,세종특별자치시 보듬3로 8-12 라온프라이빗시티1차106호,044-866-1082,,,1,,3651249878,1272512334,도담동,6.0
13312,피자마루반곡캠퍼스점,,세종특별자치시 한누리대로 1839,044-867-8210,,,1,,3649710506,1273110321,반곡동,6.0
13313,피자마루카페,,세종특별자치시 전의면 김처선로 13 피자마루카페,044-867-4082,,,1,,3668566049,1272059006,전의면,6.0
13314,피자명,,세종특별자치시 조치원읍 돌마루1길 1-8 피자명,044-866-8004,,,1,,3660615298,1272911636,조치원읍,6.0
13315,피자샵 세종시청점,,세종특별자치시 한누리대로 2149 112호,044-868-1388,,,1,,3647780911,1272878347,보람동,6.0
13316,피자샵세종점,,세종특별자치시 마음로 322 1층 103호,044-867-3282,,,1,,3651892668,1272415806,,6.0
13317,피자선생 세종점,,세종특별자치시 보듬4로 20 상가동 111호 피자선생 세종점,044-863-1838,,,1,,3651086649,1272611963,도담동,6.0
13318,피자스쿨 세종고운점,,세종특별자치시 마음안로 34 518동 106호 피자스쿨 세종고운점,044-865-5705,,,1,,3650867941,1272386773,고운동,6.0
13319,피자스쿨 신흥점,,세종특별자치시 조치원읍 대첩로 19-1 피자스쿨,041-865-2753,,,1,,3659419119,1272801526,조치원읍,6.0
13320,피자스톰 세종청사점,,세종특별자치시 다정중앙로 77 상가2동 1층 204호,044-863-8582,,,1,,3649788079,1272483266,다정동,6.0
13321,피자스톰 조치원점,,세종특별자치시 조치원읍 충현로 59 1층 103호,044-715-5588,,,1,,3659424994,1272975869,조치원읍,6.0
13322,피자알볼로 세종시청점,,세종특별자치시 시청대로 209 금강르네상스101호 피자알볼로,044-864-8495,,,1,,3648327565,1272932533,보람동,6.0
13323,피자알볼로 세종첫마을점,,세종특별자치시 한누리대로 165 메디피아107호,044-865-8495,,,1,,3647994171,1272620251,나성동,6.0
13324,피자알볼로 세종청사점,,세종특별자치시 보듬3로 73 401동 102호,044-862-8496,,,1,,3651116779,1272516816,아름동,6.0
13325,피자알볼로조치원오송점,,세종특별자치시 조치원읍 신흥샛터길 38,044-862-8497,,,1,,3659691827,1272946568,조치원읍,6.0
13326,피자연합,,세종특별자치시 마음로 152 상가 B동101,044-868-7981,,,1,,3651228909,1272309833,고운동,6.0
13327,피자와김밥천국,,세종특별자치시 조치원읍 행복12길 1 1층,044-865-0446,,,1,,3660369309,127292751,조치원읍,6.0
13328,피자집,,세종특별자치시 장군면 대학길 118 상가동 1층 102호,044-868-8285,,,1,,3644868492,1272108506,장군면,6.0
13329,피자쿠치나 세종부강점,,세종특별자치시 부강면 부촌길 32 1층102-3호,044-867-1187,,,1,,3652925698,1273674305,부강면,6.0
13330,피자파는집 새롬나성점,,세종특별자치시 새롬로 56 상가1419동 1층 104호(새롬동),044-868-9950,,,1,,3648917503,1272555313,새롬동,6.0
13331,피자파는집 세종조치원점,,세종특별자치시 조치원읍 문화1길 2 1층 101호,044-868-3411,,,1,,3659961056,1272897033,조치원읍,6.0
13332,피자파는집 세종청사점,,세종특별자치시 다정서로 60,044-862-9211,,,1,,3649529342,1272453267,다정동,6.0
13333,피자파는집세종시청점,,세종특별자치시 한누리대로 1839 상가A동 104호,044-863-7775,,,1,,3649716145,1273098707,반곡동,6.0
13334,피자프라텔로,,세종특별자치시 나성북1로 23 상가 802동 1층 140호,044-868-5461,,,1,,3649283691,1272574496,나성동,6.0
13335,피자플렉스,,세종특별자치시 국세청로 46 A118호 피자플렉스,044-415-1910,,,1,,3648729148,1272628038,나성동,6.0
13336,피자헛 조치원점,,세종특별자치시 조치원읍 충현로 5 1층 피자헛 조치원점,070-7834-1309,,,1,,3658960006,1272991823,조치원읍,6.0
13337,피제리아무로,,세종특별자치시 금남면 금남구즉로 232 1~2층,044-862-3882,,,1,,3647799304,1273022176,금남면,6.0
13338,피제리아지알로,,세종특별자치시 시청대로 137 2층지알로,044-865-6641,,,1,,3647999279,1272867769,보람동,6.0
13339,피제이 피자,,세종특별자치시 한누리대로 321 ,044-272-4643,,,1,,364930068,1272557849,나성동,6.0
13340,피크닉 세종 & 소풍,,세종특별자치시 보듬4로 9 카림애비뉴 3층 302호,,,,1,,3651311651,1272607061,도담동,6.0
13341,피크닉백,,세종특별자치시 시청대로 167 108호,044-863-0586,,,1,,3648130914,1272899008,보람동,6.0
13342,피타고라스&씽커토이랜드,,세종특별자치시 다정중앙로 77 612동503호,,,,1,,3649733871,1272466798,다정동,6.0
13343,피탕김탕,,세종특별자치시 세종로 1232 1층 103호 피탕김탕,044-868-5562,,,1,,3648006,127289041,아름동,6.0
13344,피터펫세종점,,세종특별자치시 도움8로 81 세종1번가 b동 102호,,,,1,,3650460669,1272705994,어진동,6.0
13345,픽미픽미,,세종특별자치시 조치원읍 행복11길 10,041-0000-0000,,,1,,3660417931,1272926795,조치원읍,6.0
13346,픽미픽미아이스,,세종특별자치시 국책연구원1로 15 상가b동 108호,,,,1,,3649101031,127299746,소담동,6.0
13347,픽미픽미아이스 새롬점,,세종특별자치시 새롬중앙로 20 단지앞상가 픽미픽미아이스,,,,1,,3648361207,1272536983,새롬동,6.0
14019,호식이 두마리치킨 보람점,,세종특별자치시 한누리대로 2129 B동 107호 ,044-867-5892,,,1,,3647857758,1272897583,보람동,2.0
14115,홍탕,,세종특별자치시 조치원읍 새내15길 8 홍탕,044-866-2689,,,1,,3660396069,1272968619,조치원읍,4.0
14219,후라이드 참 잘하는 집,,세종특별자치시 조치원읍 죽림로 45 ,044-864-0123,,,1,,3659222483,1272964988,조치원읍,2.0
